X,Y,Name,
35.2097185446335,32.1023160753092,6
35.2095241562364,32.1028011477594,5
35.2094187873745,32.1033919169993,4
35.2098470785003,32.1025805814879,1
