X,Y,Name,
35.2095493278189,32.1023768976916,2
35.209687096392,32.102634024892,4
35.209515023739,32.1025596824901,3
35.2097190924495,32.1024624390867,1
